﻿分类,问题,相似问题,标准答案,附件,TPM-Revise
ACS880 问题解答,ACS880 是否支持船级社认证？,,"ACS880 是否支持船级社认证？

答案：是的，可以通过ABB 热线，在IHMM（In-House Maintenance Manual）系统中查询。",,
ACS880 问题解答,变频器输出电流和转速平稳时，进线侧电流有波动是否为正常现象？,,"变频器输出电流和转速平稳时，进线侧电流有波动是否为正常现象？

答案：正常现象，尤其在变频器输出非50HZ 时，与变频器输入电流频率50HZ 不一致时，可以根据三角函数变换考虑Y=sin[(A+B)w]=sin(Aw)cos(Bw)+cos(Aw)sin(Bw)。电流波动幅值与变频器直流电容有关，电容越大平波能力越强。",,
ACS880 问题解答,ACS880控制盘的外形尺寸是?,ACS-AP-IACS-AP-W,ACS880控制盘的外形尺寸是?,1,
ACS880 问题解答,ACS880不用编码器能否实现负载在空中悬停？,,"Q:ACS880不用编码器能否实现负载在空中悬停？

A:需要用起升软件(+N5050)并配编码器适配器(FEN).",,
ACS880 问题解答,变频器运行过程中可以配置安全功能模块吗？,,"变频器运行过程中可以配置安全功能模块吗？

答案：不可以。",,
ACS880 问题解答,ACS880 最大数字输出频率是多少？,,"ACS880 最大数字输出频率是多少？

答案：最大可支持16KHz。",,最大开关频率，最大16K，不用功率最大值不同
ACS880 问题解答,ACS880用电位器从AI1给定频率，频率差一点无法给到50Hz,,"Q：用电位器从AI1给定频率，频率差一点无法给到50Hz

A：12.18设为9.9V试一下。",,
ACS880 问题解答,ACS880-01控制盘可以连接多个变频器吗?,ACS880控制盘如何控制多台变频器？,"ACS880-01控制盘可以连接多个变频器吗?

可以.连接方式请参考下图及指导。",2,
ACS880 问题解答,ACS880-01变频器多长时间需要进行维护工作?,,ACS880-01变频器多长时间需要进行维护工作?,1,
ACS880 问题解答,ACS880-11产品输出电抗器du/dt选型表?,,ACS880-11产品输出电抗器du/dt选型表?,1,
ACS880 问题解答,电机电缆过长如何解决？,,"电机电缆过长如何解决？

答案：使用过长的电缆线会减弱电机控制和转矩特性，产生电机电缆的电压损耗以及电机侧的反射电压，如果超过硬件手册中最长电机电缆长度，必须要有风险意识。我们可以选择

Du/Dt 输出滤波器或者正弦波滤波器，解决电机电缆长度所带来的困扰。",,
ACS880 问题解答,ACS880 标准I/O 和拓展I/O 响应等级？,,"ACS880 标准I/O 和拓展I/O 响应等级？

答案：该技术数据可在ACS880 硬件手册中查询，标准I/O 500μs，拓展I/O 2ms。",,
ACS880 问题解答,ACS880-01 能否使用在单相电网中？,,"ACS880-01 能否使用在单相电网中？

答案：可以，但需要考虑降容，至少50%左右。",,
ACS880 问题解答,ACS880 与ACS800 可以实现主、从控制？,,"ACS880 与ACS800 可以实现主、从控制？

答案：是的，可以通过光纤通讯，实现两者的主、从控制。",,
ACS880 问题解答,ACS880 变频器对于电机的兼容性如何考虑？,,"ACS880 变频器对于电机的兼容性如何考虑？

答案：电机额定电流范围DTC 控制时 1/6 ... 2 倍的额定电流，标量控制时为 0 ... 2 倍的额定电流，控制模式由变频器参数99.02 选择，电机额定电压范围 1/6 ... 2 倍的额定电压。",,
ACS880 问题解答,ACS880-01的标准模块外形尺寸是多少?,"R1,R2,R3,R4,R5,R6,R7,R8,R9/AcS880外形尺寸",ACS880-01的标准模块外形尺寸是多少?,1,
ACS880 问题解答,ACS880 总线控制如何获取EDS & GSD 文件？,,"ACS880 总线控制如何获取EDS & GSD 文件？

答案：通常情况下，GSD 文件可以通过ABB 官方网站直接下载，EDS 文件可以使用Drive composer pro 1.5 版本，用户自己生成。",,
ACS880 问题解答,ACS880 控制盘电池寿命？,,"ACS880 控制盘电池寿命？

答案：在环境温度稳定的情况下（25 °C (77 °F)），通常情况可以满足10 年，但考虑实际工作环境等因素，会影响其使用寿命。",,
ACS880 问题解答,Drive composer录制的曲线数据能否导出到Excel表格？,,"Q：Drive composer录制的曲线数据能否导出到Excel表格？

A：可以，有数据导出选项（图中箭头所指）。",1,
ACS880 问题解答,ACS880 如何获取Eplan 上图？,eplan,"ACS880 如何获取Eplan 上图？

答案：ACS880 支持Eplan，用户可以直接登录其官方网站下载www.eplan.de。",,
ACS880 问题解答,ACS880+N5050 提升软件如何使用抱闸控制？,,"ACS880+N5050 提升软件如何使用抱闸控制？

答案：可通过用户手册查阅机械抱闸逻辑控制，调整相关参数。",,
ACS880 问题解答,多个ACS880-01安装时，变频器左右之间距离多远？,,"Q:多个ACS880-01安装时，变频器左右之间距离多远？

A:所有 IP21 （ UL Type 1) 和外形尺寸 R1 至 R3 IP55 (UL Type 12) 变频器可以紧密地并排安装。对于外形尺寸 R4 至 R9 的 UL Type 12 变频器，请在机罩之间保留 100 mm (4 in)。",,
ACS880 问题解答,ACS880 谐波数据及治理,,"ACS880 谐波数据及治理

答案：ABB 提供Drivesize 软件计算工具，客户可根据相关的的电网和变压器数据进行估算；

进线侧可加PIHF 谐波滤波器（160KW 及以下），使用低谐波变频器-11/14/31/34 产品，相互间进行组合使用，可以节约成本，相关技术通过IHMM（In-House Maintenance Manual）系统中查询。",,
ACS880 问题解答,什么电缆可用来连接控制盘？,,"什么电缆可用来连接控制盘？

答案：标准以太网电缆。",,
ACS880 问题解答,ACS880 在低速运行时的控制精度？,,"ACS880 在低速运行时的控制精度？

答案：ACS880 低至零速的稳定性很好，而且转矩和速度精度可以维持在低速和轻载的情下。

我们对精度的定义如下：

转矩精度：在2-100%的速度范围内，10-100%的负载下，转矩精度为2%。

速度精度：在2-100%的速度范围内，10-100%的负载下，速度精度为10%的电机滑差。

37kW 电机的滑差约为2%，即速度精度为0.2%。",,
ACS880 问题解答,ACS880控制盘最多可以连接多少逆变单元?,,"ACS880控制盘最多可以连接多少逆变单元?

32个",,
ACS880 问题解答,ACS880控制盘的材质及防护等级?,ACS-AP-IACS-AP-W,ACS880控制盘的材质及防护等级?,1,
ACS880 问题解答,ACS880使用PT100测量温度的误差是多少？,,"Q:ACS880使用PT100测量温度的误差是多少？

A:Pt100 和 Pt1000 传感器的变频器控制单元模拟输入误差为 10 °C (50 °F)。如果需要更高的精确度，请使用 FAIO-01 模拟 I/O 扩展模块（选件 +L525）。它可以形成双倍绝缘。",,
ACS880 问题解答,ACS880 用户应用Codesys 编程最大容量？,,"ACS880 用户应用Codesys 编程最大容量？

答案：160KB，如果需要特殊应用，可以扩展空间容量。",,
ACS880 问题解答,请问ACS880 记忆单元zmu有无存储容量的说明，其容量在多少？/ZMU容量,,"Q：请问ACS880 记忆单元zmu有无存储容量的说明，其容量在多少？/ZMU容量

A：ZMU由ABB灌装内部程序并保证客户正常使用，客户无需关注其容量信息。",,
ACS880 问题解答,ACS880控制盘如何可以连接多个逆变单元?,Drivecomposer连接多个变频器/Drivecomposer连接多个变频器/ACS880控制盘连接多个变频器,"ACS880控制盘如何可以连接多个逆变单元?

每个逆变单元都必须配备 FDPI-02 模块。",1,
ACS880 问题解答,400V 供电的ACS880（ACS880-XXXX-3）能承受多高的瞬态电压？,,"400V 供电的ACS880（ACS880-XXXX-3）能承受多高的瞬态电压？

答案：150%的额定电压（注意：+10%供电电压偏差不再叠加里面）",,
ACS880 问题解答,ACS880-07柜体默认是什么颜色的？/柜体颜色,,"Q：ACS880-07柜体默认是什么颜色的？/柜体颜色

A：1.5mm 厚带有镀锌涂层的钢板（涂层厚度约 20 微米） 。可见表面上的聚酯热固粉

末涂层 （厚度约 80 微米） ，颜色为 RAL 7035 和 RAL 9017。 PC/ABS 3mm，

颜色 NCS 1502-Y （ RAL 9002 / PMS 1C 冷灰） 。",,
ACS880 问题解答,ACS880 的电磁干扰的兼容性,,"ACS880 的电磁干扰的兼容性

答案：根据实际电网考虑选用符合的EMC 标准，并且需要变频器良好接地，可满足IEC 相关的标准；对强磁场干扰环境，如电解铝，需要加金属防护罩进行隔离，相关技术通过IHMM（In-House Maintenance Manual）系统中查询。",,
ACS880 问题解答,ACS880控制永磁同步电机是否需要特殊软件?,,"Q:ACS880控制永磁同步电机是否需要特殊软件

A:不用",,
ACS880 问题解答,ACS880频率给定不起作用，无论外部给定多少都运行在5Hz整。,,"Q:ACS880频率给定不起作用，无论外部给定多少都运行在5Hz整.

A:可能恒速激活了，28.22和28.23和28.24都设为0",,
ACS880 问题解答,ACS880制动电阻外形尺寸?,,ACS880制动电阻外形尺寸?,1,
ACS880 问题解答,ACS880的光纤通讯模块FDCO正常工作时ChA与ChB两个LED指示灯为红色闪烁，是否有问题？,,"Q：ACS880的光纤通讯模块FDCO正常工作时ChA与ChB两个LED指示灯为红色闪烁，是否有问题？

A：没有问题，这两个LED指示灯正常就为红绿色，一般外部看来主要是红色。",,
ACS880 问题解答,变频器在高温环境中应用的要求？,,"变频器在高温环境中应用的要求？

答案：高温环境对于散热提出了更高的要求，对于大部分系列变频器，可以满足的运行环境温度为-15 至+55°C，不允许有结霜，但是在+40 至55°C 时，可依据1%/1°C 的系数降容（特别型号参考产品技术样本）。

 ",,
ACS880 问题解答,ACS880控制盘与传动/pc的传输距离是多少?,,"ACS880控制盘与传动/pc的传输距离是多少?

• RJ-45 孔座连接端子。如果使用电缆来连接传动，最大长度为 100 米 (328 ft.)。

在控制盘总线中，控制盘总线电缆的合计最大长度为 100 米 (328 ft.)。

• B 型 Mini USB 连接端子，用于将控制盘连接到 PC （USB 2.0， MTP 协议）。

最大电缆长度为三米 (9.8 ft.)。",,
ACS880 问题解答,ACS880使用正弦波滤波器需要设置哪些参数？,ACS880在DTC模式下能否使用正弦波滤波器？/正弦波滤波器能否在DTC模式下使用？,"Q:ACS880使用正弦波滤波器需要设置哪些参数?

A:99.04设为标量；95.15位1置1",,
ACS880 问题解答,ACS880用电位器从AI1给定频率，频率无法给到零，总有一点。,,"Q:ACS880用电位器从AI1给定频率，频率无法给到零，总有一点

A:12.17设为0.1V试一下。",,
ACS880 问题解答,DTC 和传统的PWM 方式有什么区别？,,"DTC 和传统的PWM 方式有什么区别？

答案：传统的PWM 传动把输出电压和输出频率作为主要控制变量，但二者都需要在提供给电机之前进行脉宽调制。由于信号处理过程中调制环节的加入，限制了PWM 传动的转矩和

速度的响应速度。通常情况下，PWM 调制器响应实际变化所需的时间比DTC 长约10 倍。",,
ACS880 问题解答,变频器在高海拔中应用的要求？,,"变频器在高海拔中应用的要求？

答案：高海拔对于绝缘性提出了更高的要求，大部分系列变频器，工作海拔在1,000-4,000 m时，可依据1%/100 m 的系数降容（特别型号参考产品技术样本）。",,
ACS880 问题解答,ACS880 同系列不同功率等级的变频器是否可以使用相同的存储单元？,,"ACS880 同系列不同功率等级的变频器是否可以使用相同的存储单元？

答案：可以，但与传动功率等级相关的参数需要修改。比如，电流限幅、制动电阻值、电流测量校准等。",,
ACS880 问题解答,参数01.14 显示的输出功率是电机电功率还是机械（轴）功率？,,"ACS880参数01.14 显示的输出功率是电机电功率还是机械（轴）功率？

答案：指的是变频器输出电功率，即电机电功率加电缆损失。",,
ACS880 问题解答,DTC 技术在节能上有什么效果？,,"DTC 技术在节能上有什么效果？

答案：DTC 有助于提高能源效率的新特性，被称为电机磁通优化。有了这项功能，泵类和风机应用的总效率（变频器加电机）大大提高了。例如，25%的负载可以有多达10%的总效率提高，50%的负载可以有2%的总效率提高。这直接影响了运营成本，这项特性还能大大减小由于传统的PWM 传动固定开关频率所引起的电机噪声。",,
ACS880 问题解答,报A6A4辅助代码为6，检查电机功率设置没问题/A6A4,,"Q：报A6A4辅助代码为6，检查电机功率设置没问题/A6A4。

A：99.11电机功率因数设置有误，改为0后试一试。",,
ACS880 问题解答,ACS880 是否满足ATEX 标准？,,"ACS880 是否满足ATEX 标准？

答案：ATEX 认证是一种用于电机认证。根据电机的规定，电机被证明能与变频器一起工作，如果客户需要选择变频器，可通过外围防爆装置满足标准。",,
ACS880 问题解答,ACS880 变频器是否可以拆除ZMU 存储卡？,,"ACS880 变频器是否可以拆除ZMU 存储卡？

答案：变频器在正常工作时是不允许用户拆除ZMU。",,
